time_s,x_cm,z_cm,pitch_deg,vx_ms,torque_Nm
0.054,-5.0,29.0,0.0,0.07,27.0
0.104,-5.0,29.0,0.02,-0.03,27.0
0.15,-5.2,29.0,0.04,-0.03,27.0
0.2,-5.4,29.0,0.03,-0.03,27.0
0.25,-5.6,29.0,0.01,-0.03,27.0
0.3,-5.7,29.0,0.0,-0.0,27.0
0.35,-5.6,29.0,0.01,0.05,27.0
0.404,-5.3,29.0,0.02,0.06,27.0
0.454,-5.0,29.0,0.01,0.08,27.0
0.504,-4.5,29.0,0.0,0.11,27.0
0.554,-3.8,29.0,0.01,0.16,27.0
0.604,-3.0,29.0,-0.0,0.19,27.0
0.654,-2.0,29.0,-0.02,0.19,27.0
0.704,-1.0,29.0,0.0,0.21,27.0
0.754,0.1,29.0,-0.0,0.23,27.0
0.804,1.2,29.0,-0.0,0.23,27.0
0.854,2.5,29.0,0.0,0.26,27.0
0.904,3.9,29.0,0.01,0.28,27.0
0.954,5.3,29.0,0.0,0.29,27.0
1.004,6.8,29.0,-0.0,0.32,27.0
1.054,8.5,29.0,-0.0,0.33,27.0
1.104,10.2,29.0,-0.0,0.34,27.0
1.154,11.8,29.0,0.01,0.33,27.0
1.204,13.5,29.0,0.01,0.33,27.0
1.254,15.1,29.0,0.0,0.34,27.0
1.304,16.9,29.0,-0.0,0.36,27.0
1.354,18.8,29.0,-0.01,0.39,27.0
1.404,20.7,29.0,0.0,0.39,27.0
1.454,22.7,29.0,-0.0,0.41,27.0
1.504,24.8,29.0,0.0,0.42,27.0
1.554,26.9,29.0,-0.02,0.42,27.0
1.604,29.1,29.0,0.0,0.42,27.0
1.654,31.1,29.0,-0.01,0.41,27.0
1.704,33.2,29.0,-0.0,0.41,27.0
1.754,35.3,29.0,0.01,0.42,27.0
1.804,37.4,29.0,0.0,0.42,27.0
1.854,39.5,29.0,0.0,0.42,27.0
1.904,41.6,29.0,-0.01,0.41,27.0
1.954,43.6,29.0,0.01,0.41,27.0
2.004,45.6,29.0,-0.0,0.41,27.0
2.054,47.7,29.0,0.01,0.41,27.0
2.104,49.8,29.0,-0.0,0.43,27.0
2.15,51.8,29.0,-0.0,0.42,27.0
2.2,53.8,29.0,-0.01,0.41,27.0
2.25,55.8,29.0,-0.01,0.4,27.0
2.3,57.9,29.0,-0.0,0.41,27.0
2.35,60.0,29.0,-0.0,0.44,27.0
2.4,62.2,29.0,-0.0,0.45,27.0
2.45,64.5,29.0,-0.0,0.45,27.0
2.5,66.7,29.0,0.0,0.45,27.0
2.55,68.9,29.0,0.0,0.43,27.0
2.6,71.0,29.0,-0.0,0.39,27.0
2.65,72.8,29.0,0.0,0.34,27.0
2.7,74.4,29.0,0.01,0.3,27.0
2.75,75.8,29.0,0.01,0.27,27.0
2.8,77.1,29.0,0.01,0.24,27.0
2.85,78.2,29.0,-0.0,0.21,27.0
2.9,79.2,29.0,0.02,0.18,27.0
2.95,80.1,29.0,0.01,0.18,27.0
3.0,80.9,29.0,-0.0,0.14,27.0
3.05,81.6,29.0,0.01,0.13,27.0
3.1,82.2,29.0,0.0,0.1,27.0
3.15,82.7,29.0,-0.0,0.1,27.0
3.2,83.2,29.0,0.0,0.11,27.0
3.25,83.8,29.0,0.0,0.12,27.0
3.3,84.4,29.0,0.02,0.11,27.0
3.35,85.0,29.0,-0.0,0.15,27.0
3.4,85.9,29.0,0.01,0.2,27.0
3.45,86.9,29.0,0.0,0.22,27.0
3.5,88.1,29.0,-0.0,0.22,27.0
3.55,89.3,29.0,0.0,0.24,27.0
3.6,90.5,29.0,-0.02,0.26,27.0
3.65,91.9,29.0,-0.01,0.27,27.0
3.7,93.3,29.0,-0.0,0.29,27.0
3.75,94.9,29.0,-0.0,0.34,27.0
3.8,96.6,29.0,-0.0,0.36,27.0
3.85,98.5,29.0,0.01,0.37,27.0
3.9,98.9,29.0,0.0,-0.02,27.0
3.95,98.9,29.0,-0.0,0.0,27.0
4.0,98.9,29.0,-0.0,0.0,27.0
4.05,98.9,29.0,-0.0,-0.0,27.0
4.1,98.9,29.0,-0.0,0.0,27.0
4.15,98.9,29.0,-0.0,-0.0,27.0
4.2,98.9,29.0,-0.0,-0.0,27.0
4.25,98.9,29.0,-0.0,0.0,27.0
4.3,98.9,29.0,-0.0,-0.0,27.0
4.35,98.9,29.0,-0.0,-0.0,27.0
4.4,98.9,29.0,-0.0,0.0,27.0
4.45,98.9,29.0,-0.0,0.0,27.0
4.5,98.9,29.0,-0.0,-0.0,27.0
4.55,98.9,29.0,-0.0,-0.0,27.0
4.6,98.9,29.0,-0.0,-0.0,27.0
4.65,98.9,29.0,-0.0,0.0,27.0
4.7,98.9,29.0,0.0,0.0,27.0
4.75,98.9,29.0,-0.0,-0.0,27.0
4.8,98.9,29.0,-0.0,-0.0,27.0
4.85,98.9,29.0,-0.0,0.0,27.0
4.9,98.9,29.0,0.0,-0.0,27.0
4.95,98.9,29.0,0.0,-0.0,27.0
5.0,98.9,29.0,-0.0,-0.0,27.0
5.05,98.9,29.0,-0.0,-0.0,27.0
5.1,98.9,29.0,-0.0,-0.0,27.0
5.15,98.9,29.0,-0.0,-0.0,27.0
5.2,98.9,29.0,-0.0,-0.0,27.0
5.25,98.9,29.0,-0.0,-0.0,27.0
5.3,98.9,29.0,-0.0,-0.0,27.0
5.35,98.9,29.0,-0.0,0.0,27.0
5.4,98.9,29.0,-0.0,0.0,27.0
5.45,98.9,29.0,-0.0,-0.0,27.0
5.5,98.9,29.0,-0.0,-0.0,27.0
5.55,98.9,29.0,0.0,0.0,27.0
5.6,98.9,29.0,0.0,0.0,27.0
5.654,98.9,29.0,-0.0,0.0,27.0
5.704,98.9,29.0,-0.0,-0.0,27.0
5.754,98.9,29.0,-0.0,-0.0,27.0
5.804,98.9,29.0,-0.0,0.0,27.0
5.854,98.9,29.0,-0.0,0.0,27.0
5.904,98.9,29.0,-0.0,-0.0,27.0
5.954,98.9,29.0,-0.0,0.0,27.0
6.004,98.9,29.0,0.0,0.0,27.0
6.054,98.9,29.0,0.0,-0.0,27.0
6.104,98.9,29.0,0.0,-0.0,27.0
6.154,98.9,29.0,-0.0,-0.0,27.0
6.204,98.9,29.0,0.0,-0.0,27.0
6.254,98.9,29.0,0.0,-0.0,27.0
6.304,98.9,29.0,0.0,-0.0,27.0
6.354,98.9,29.0,0.0,-0.0,27.0
6.404,98.9,29.0,0.0,-0.0,27.0
6.454,98.9,29.0,0.0,-0.0,27.0
6.504,98.9,29.0,0.0,-0.0,27.0
6.554,98.9,29.0,0.0,-0.0,27.0
6.604,98.9,29.0,0.0,-0.0,27.0
6.654,98.9,29.0,0.0,-0.0,27.0
6.704,98.9,29.0,0.0,-0.0,27.0
6.754,98.9,29.0,0.0,-0.0,27.0
6.804,98.9,29.0,0.0,-0.0,27.0
6.854,98.9,29.0,0.0,-0.0,27.0
6.904,98.9,29.0,0.0,-0.0,27.0
6.954,98.9,29.0,0.0,-0.0,27.0
7.004,98.9,29.0,0.0,-0.0,27.0
7.054,98.9,29.0,0.0,-0.0,27.0
7.104,98.9,29.0,0.0,0.0,27.0
7.154,98.9,29.0,0.0,0.0,27.0
7.204,98.9,29.0,0.0,0.0,27.0
7.254,98.9,29.0,0.0,0.0,27.0
7.304,98.9,29.0,0.0,0.0,27.0
7.354,98.9,29.0,0.0,-0.0,27.0
7.404,98.9,29.0,0.0,0.0,27.0
7.454,98.9,29.0,0.0,0.0,27.0
7.504,98.9,29.0,0.0,0.0,27.0
7.554,98.9,29.0,0.0,0.0,27.0
7.604,98.9,29.0,0.0,0.0,27.0
7.654,98.9,29.0,0.0,0.0,27.0
7.704,98.9,29.0,0.0,0.0,27.0
7.754,98.9,29.0,0.0,0.0,27.0
7.804,98.9,29.0,0.0,0.0,27.0
7.854,98.9,29.0,0.0,0.0,27.0
7.904,98.9,29.0,0.0,0.0,27.0
7.954,98.9,29.0,0.0,0.0,27.0
8.004,98.9,29.0,0.0,0.0,27.0
8.054,98.9,29.0,0.0,0.0,27.0
8.104,98.9,29.0,0.0,0.0,27.0
8.154,98.9,29.0,0.0,0.0,27.0
8.204,98.9,29.0,-0.0,0.0,27.0
8.254,98.9,29.0,-0.0,0.0,27.0
8.304,98.9,29.0,-0.0,-0.0,27.0
8.354,98.9,29.0,-0.0,-0.0,27.0
8.404,98.9,29.0,-0.0,-0.0,27.0
8.454,98.9,29.0,-0.0,-0.0,27.0
8.504,98.9,29.0,-0.0,0.0,27.0
8.554,98.9,29.0,0.0,0.0,27.0
8.604,98.9,29.0,-0.0,-0.0,27.0
8.654,98.9,29.0,-0.0,0.0,27.0
8.704,98.9,29.0,-0.0,0.0,27.0
8.754,98.9,29.0,-0.0,0.0,27.0
8.804,98.9,29.0,0.0,0.0,27.0
8.854,98.9,29.0,0.0,0.0,27.0
8.904,98.9,29.0,0.0,0.0,27.0
8.954,98.9,29.0,0.0,-0.0,27.0
9.004,98.9,29.0,0.0,-0.0,27.0
9.054,98.9,29.0,-0.0,0.0,27.0
9.104,98.9,29.0,-0.0,-0.0,27.0
9.154,98.9,29.0,-0.0,0.0,27.0
9.204,98.9,29.0,-0.0,0.0,27.0
9.254,98.9,29.0,-0.0,0.0,27.0
9.304,98.9,29.0,-0.0,-0.0,27.0
9.354,98.9,29.0,-0.0,0.0,27.0
9.404,98.9,29.0,-0.0,0.0,27.0
9.454,98.9,29.0,-0.0,0.0,27.0
9.504,98.9,29.0,-0.0,0.0,27.0
9.554,98.9,29.0,-0.0,0.0,27.0
9.604,98.9,29.0,-0.0,0.0,27.0
9.654,98.9,29.0,-0.0,0.0,27.0
9.704,98.9,29.0,-0.0,-0.0,27.0
9.754,98.9,29.0,-0.0,0.0,27.0
9.804,98.9,29.0,-0.0,0.0,27.0
9.854,98.9,29.0,-0.0,0.0,27.0
9.904,98.9,29.0,-0.0,0.0,27.0
9.954,98.9,29.0,-0.0,0.0,27.0
10.004,98.9,29.0,-0.0,-0.0,27.0
10.054,98.9,29.0,0.0,-0.0,27.0
10.104,98.9,29.0,0.0,0.0,27.0
10.154,98.9,29.0,0.0,-0.0,27.0
10.204,98.9,29.0,0.0,-0.0,27.0
10.254,98.9,29.0,0.0,-0.0,27.0
10.304,98.9,29.0,0.0,-0.0,27.0
10.354,98.9,29.0,0.0,0.0,27.0
10.404,98.9,29.0,0.0,0.0,27.0
10.454,98.9,29.0,0.0,-0.0,27.0
10.504,98.9,29.0,0.0,-0.0,27.0
10.554,98.9,29.0,0.0,-0.0,27.0
10.604,98.9,29.0,0.0,0.0,27.0
10.654,98.9,29.0,0.0,0.0,27.0
10.704,98.9,29.0,0.0,-0.0,27.0
10.754,98.9,29.0,0.0,-0.0,27.0
10.804,98.9,29.0,0.0,-0.0,27.0
10.854,98.9,29.0,0.0,-0.0,27.0
10.904,98.9,29.0,0.0,0.0,27.0
10.954,98.9,29.0,0.0,0.0,27.0
11.004,98.9,29.0,0.0,-0.0,27.0
11.054,98.9,29.0,0.0,0.0,27.0
11.104,98.9,29.0,0.0,-0.0,27.0
11.154,98.9,29.0,-0.0,-0.0,27.0
11.204,98.9,29.0,-0.0,-0.0,27.0
11.254,98.9,29.0,-0.0,0.0,27.0
11.304,98.9,29.0,-0.0,-0.0,27.0
11.354,98.9,29.0,-0.0,-0.0,27.0
11.404,98.9,29.0,-0.0,-0.0,27.0
11.454,98.9,29.0,-0.0,-0.0,27.0
11.504,98.9,29.0,-0.0,-0.0,27.0
11.554,98.9,29.0,-0.0,-0.0,27.0
11.604,98.9,29.0,-0.0,-0.0,27.0
11.654,98.9,29.0,-0.0,-0.0,27.0
11.704,98.9,29.0,-0.0,-0.0,27.0
11.754,98.9,29.0,-0.0,0.0,27.0
11.804,98.9,29.0,-0.0,-0.0,27.0
11.854,98.9,29.0,-0.0,-0.0,27.0
11.904,98.9,29.0,-0.0,0.0,27.0
11.954,98.9,29.0,-0.0,0.0,27.0
12.004,98.9,29.0,-0.0,0.0,27.0
12.054,98.9,29.0,-0.0,0.0,27.0
12.104,98.9,29.0,-0.0,0.0,27.0
12.154,98.9,29.0,-0.0,0.0,27.0
12.204,98.9,29.0,-0.0,0.0,27.0
12.254,98.9,29.0,-0.0,0.0,27.0
12.304,98.9,29.0,-0.0,0.0,27.0
12.354,98.9,29.0,-0.0,0.0,27.0
12.404,98.9,29.0,-0.0,0.0,27.0
12.454,98.9,29.0,-0.0,0.0,27.0
12.504,98.9,29.0,-0.0,0.0,27.0
12.554,98.9,29.0,-0.0,0.0,27.0
12.604,98.9,29.0,-0.0,0.0,27.0
12.654,98.9,29.0,-0.0,0.0,27.0
12.704,98.9,29.0,-0.0,0.0,27.0
12.754,98.9,29.0,-0.0,0.0,27.0
12.804,98.9,29.0,-0.0,0.0,27.0
12.854,98.9,29.0,-0.0,0.0,27.0
12.904,98.9,29.0,-0.0,0.0,27.0
12.954,98.9,29.0,-0.0,0.0,27.0
13.004,98.9,29.0,-0.0,0.0,27.0
13.054,98.9,29.0,-0.0,-0.0,27.0
13.104,98.9,29.0,-0.0,-0.0,27.0
13.154,98.9,29.0,-0.0,0.0,27.0
13.204,98.9,29.0,-0.0,0.0,27.0
13.254,98.9,29.0,-0.0,0.0,27.0
13.304,98.9,29.0,-0.0,0.0,27.0
13.354,98.9,29.0,-0.0,-0.0,27.0
13.404,98.9,29.0,-0.0,-0.0,27.0
13.454,98.9,29.0,-0.0,0.0,27.0
13.504,98.9,29.0,-0.0,0.0,27.0
13.554,98.9,29.0,-0.0,0.0,27.0
13.604,98.9,29.0,-0.0,-0.0,27.0
13.654,98.9,29.0,-0.0,-0.0,27.0
13.704,98.9,29.0,-0.0,-0.0,27.0
13.754,98.9,29.0,-0.0,0.0,27.0
13.804,98.9,29.0,-0.0,0.0,27.0
13.854,98.9,29.0,-0.0,0.0,27.0
13.904,98.9,29.0,-0.0,0.0,27.0
13.954,98.9,29.0,-0.0,0.0,27.0
14.004,98.9,29.0,-0.0,-0.0,27.0
14.054,98.9,29.0,-0.0,-0.0,27.0
14.104,98.9,29.0,-0.0,-0.0,27.0
14.154,98.9,29.0,-0.0,-0.0,27.0
14.204,98.9,29.0,-0.0,-0.0,27.0
14.254,98.9,29.0,-0.0,-0.0,27.0
14.304,98.9,29.0,-0.0,-0.0,27.0
14.354,98.9,29.0,-0.0,-0.0,27.0
14.404,98.9,29.0,-0.0,-0.0,27.0
14.454,98.9,29.0,-0.0,-0.0,27.0
14.504,98.9,29.0,-0.0,0.0,27.0
14.554,98.9,29.0,-0.0,0.0,27.0
14.604,98.9,29.0,-0.0,-0.0,27.0
14.654,98.9,29.0,-0.0,-0.0,27.0
14.704,98.9,29.0,-0.0,-0.0,27.0
14.754,98.9,29.0,-0.0,-0.0,27.0
14.804,98.9,29.0,-0.0,-0.0,27.0
14.854,98.9,29.0,-0.0,-0.0,27.0
14.904,98.9,29.0,-0.0,-0.0,27.0
14.954,98.9,29.0,-0.0,0.0,27.0
15.004,98.9,29.0,-0.0,-0.0,27.0
